Name,Task Delay (hours)
normal,0.0
HS,1.0409091562049488
TS,0.0
BAT,0.0
TS_BAT,0.0
TS_HS,0.1925321361856015
HS_BAT,0.30275329869750833
HS_TS_BAT,0.1907823757462578
